id,u_nm,email_addr,created_at
50729,valerie85,larry08@example.org,2026-04-01T14:04:18.733005
96610,kevin56,bryancarlson@example.org,2026-01-12T22:07:07.191147
1841,salasalejandro,donald23@example.org,2026-02-09T02:04:55.013203
52591,timothyrichardson,sharonwright@example.org,2026-02-13T09:53:06.105110
22234,caldwellcarla,vazquezmichael@example.org,2026-01-30T19:17:59.379671
81493,zwalker,valeriewalker@example.org,2026-01-02T06:03:10.384267
54255,hschmidt,dduarte@example.com,2026-03-13T16:00:02.895013
14096,tcastaneda,dburgess@example.net,2026-01-18T08:01:55.605348
5916,richard58,jeffrey40@example.org,2026-04-26T14:07:21.317597
86813,hunter87,pturner@example.net,2026-02-20T15:29:44.608909
55661,christopherkirk,xfoster@example.org,2026-04-22T17:31:06.872020
14862,simpsonallen,wrivera@example.com,2026-05-20T14:57:51.928836
13687,andrew27,thomasbradley@example.com,2026-01-07T03:26:28.403849
61438,longryan,maliktaylor@example.com,2026-04-19T14:06:34.558787
52777,wlee,cindylopez@example.org,2026-02-24T17:34:06.140117
17615,jessica60,znewman@example.com,2026-06-10T05:53:09.423140
39773,edwardrice,rodney30@example.net,2026-02-09T16:46:29.010703
43165,lfry,powelltheresa@example.org,2026-04-02T05:38:02.195471
36074,yyoung,michealsmith@example.net,2026-02-03T09:13:02.985026
68015,adickson,steven67@example.org,2026-02-11T00:59:09.091699
